raw_year,raw_subject,raw_sanctions,raw_description
2017,"Westar Energy, Inc., Docket No. IN15-8-000, Order Approving Stipulation and Consent Agreement, 160 FERC ¶ 61,025 (August 24, 2017)","$180,000 in civil penalty to U.S. Treasury and monitoring that includes submission of annual compliance monitoring reports for two years, with the requirement of a third year at Enforcement’s option.","The Commission approved a Stipulation and Consent Agreement (Agreement) between the Office of Enforcement (Enforcement) and Westar Energy, Inc. (Westar). This found that the Agreement resolved on fair and equitable terms Enforcement’s investigation into whether Westar violated provisions of the Southwest Power Pool (SPP) Tariff and 18 C.F.R. § 35.41(b) by submitting inaccurate cost inputs for its mitigated energy offer curves (EOCs), or by intentionally targeting outsized make-whole payments. Westar admitted to the violation and agrees to pay the civil penalty and to be subject of the agreed upon compliance monitoring."
2017,"GDF SUEZ Energy Marketing NA, Inc. (GSEMNA), Docket No. IN17-2-000, Order Approving Stipulation and Consent Agreement, 158 FERC ¶ 61,102 (February 1, 2017)","Disgorgement in the amount of $40,800,000 to PJM. Civil Penalty in the amount of $41,000,000 to the United States Treasury.","The Commission issued an Order approving a Stipulation and Consent Agreement (Agreement) between the Office of Enforcement (Enforcement) and GDF SUEZ Energy Marketing NA, Inc. (GSEMNA). The Agreement resolves the investigation conducted by Enforcement into whether GSEMNA violated the Commission’s Anti-Manipulation Rule, 18 C.F.R. § 1c (2016), by improperly targeting and increasing its receipt of lost opportunity cost credits (LOCs) in the PJM Interconnection, L.L.C. (PJM) market. GSEMNA neither admits nor denies the alleged violations, but agrees to pay the amounts as outlined in the Agreement, and to be subject to monitoring that includes submission of an annual compliance monitoring report, with the requirement of a second annual report at Enforcement’s option."
2017,"Covanta Haverhill Associates L.P., Docket No. IN17-3-000, Order Approving Stipulation and Consent Agreement, 158 FERC ¶ 61,105 (February 1, 2017)","Civil Penalty in the amount of $36,000 to the United States Treasury and implementation of new compliance measures, including submission of periodic reports to the Commission.","The Commission issued an Order approving a Stipulation and Consent Agreement (Agreement) between the Office of Enforcement (Enforcement) and Covanta Haverhill Associates L.P. (Covanta Haverhill). The Agreement resolves the investigation conducted by Enforcement into whether Covanta Haverhill violated the ISO-New England (ISO-NE) Tariff and one of the Commission’s Market Behavior Rules, 18 C.F.R. § 35.41(a) (2016), by failing to provide required instantaneous metered powered output data to ISO-NE. Covanta Haverhill stipulated to the facts but neither admitted nor denied the alleged violations. It agreed to pay a civil penalty of $36,000 and to implement new compliance measures, including submission of periodic compliance monitoring reports for at least two years."
2017,"City Power Marketing, LLC and K. Stephen Tsingas, Docket No. IN15-5-000, and FERC v. City Power Marketing, LLC and K. Stephen Tsingas, Case No. 1:15-cv-01428-JDB (DDC), Order Approving Stipulation and Consent Agreement, 160 FERC ¶ 61,013 (August 22, 2017). Prior Commission Activity: Order Assessing Civil Penalties, 152 FERC ¶ 61,012 (July 2, 2015) Order to Show Cause and Notice of Proposed Penalty, 150 FERC ¶ 61,176 (March 6, 2015)","Civil penalties and disgorgement as follows: $1,300,000 in disgorgement to PJM Interconnection, Inc. by Tsingas; $9 million civil penalty to U.S. Treasury against City Power; $1,420,000 civil penalty to U.S. Treasury against Tsingas.","The Commission issued an Order approving a Stipulation and Consent Agreement (Agreement) between the Office of Enforcement (Enforcement) and K. Stephen Tsingas and City Power Marketing, LLC finding that the Agreement resolves on fair and equitable terms (a) the Commission’s claims against Tsingas and City Power for violations of section 222 of the Federal Power Act (FPA) and the Commission’s Anti-Manipulation Rule, 18 C.F.R. § lc (2017), and of the Commission’s rule requiring truthful communications with (among others) the Commission, 18 C.F.R. § 35.41(b) (2017); and (b) the Commission’s action captioned FERC v. City Power Marketing, LLC, No. 1:15-cv-01428-JDB (D.D.C.). The Commission will file a new status report with the United States District Court for the District of Columbia advising that the Commission has approved the Agreement."
2017,"Barclays Bank PLC, Daniel Brin, Scott Connelly, Karen Levine, Docket No. IN08-8-000, and FERC v. Barclays Bank PLC et al., No. 2:13-cv-02093-TLN-DB (E.D. Cal.), Order Approving Stipulation and Consent Agreement, 161 FERC ¶ 61,147 (November 7, 2017) Prior Commission Activity: Order Assessing Civil Penalties, 144 FERC ¶ 61,041 (July 16, 2013) Order to Show Cause and Notification of Proposed Penalty, 141 FERC ¶ 61,084 (October 31, 2012)","Civil penalties and disgorgement as follows: $70,000,000 in civil penalties to the U.S. Treasury against Barclays. $35,000,000 in disgorgement by Barclays.","The Commission issued an Order approving a Stipulation and Consent Agreement (Agreement) between the Office of Enforcement (Enforcement) and Barclays Bank PLC (Barclays), Daniel Brin, Scott Connelly, and Karen Levine (together, Defendants) finding that the Agreement is in the public interest and resolves on fair and equitable terms: (a) the Commission’s claims against Defendants for violations of section 222 of the Federal Power Act (FPA) and the Commission’s Anti-Manipulation Rule, 18 C.F.R. § lc (2017), and (b) the Commission’s action captioned FERC v. Barclays Bank PLC et al., No. 2:13-cv-02093-TLN-DB (E.D. Cal.)."
2017,"American Transmission Company, LLC, Docket No. IN17-5-000, 160 FERC ¶ 61,030 (August 28, 2017)","$205,000 in civil penalties to U.S. Treasury and implementation of measures designed to ensure compliance in the future, including submitting semi-annual compliance reports.","The Commission approved a Stipulation and Consent Agreement (Agreement) between the Office of Enforcement (Enforcement) and American Transmission Company, LLC (ATC) that found the Agreement resolves on fair and equitable terms Enforcement’s investigation under Part 1b of the Commission’s regulations, 18 C.F.R. Part 1b (2017), into (i) whether ATC violated section 203(a)(1)(B) of the Federal Power Act (FPA) and Part 33 of the Commission’s regulations, 18 C.F.R. Part 33, by acquiring certain Commission-jurisdictional facilities without prior Commission approval; and (ii) whether ATC violated section 205 of the FPA and Part 35 of the Commission’s regulations, 18 C.F.R. Part 35, by failing to timely file certain Commission jurisdictional agreements. ATC admits the violations and agrees to pay the civil penalty and implement compliance measures."
2016,"Total Gas & Power North America, Inc., Total, S.A., Total Gas & Power, Ltd., Aaron Hall, and Therese Tran f/k/a Nguyen, Docket No. IN12-17-000, Order to Show Cause and Notice of Proposed Penalty, 155 FERC ¶ 61,105 (April 28, 2016)","Disgorgement and civil penalties as follows, respectively: $9.18 million in disgorgement against TGPNA, Total, and TGPL, jointly and severally; $213,600,000 civil penalty against TGPNA (jointly and severally with Total and TGPL), $1,000,000 civil penalty against Hall (jointly and severally with TGPNA, Total, and TGPL), and $2,000,000 civil penalty against Tran (jointly and severally with TGPNA, Total, and TGPL).","The Commission issued an Order to Show Cause directing TGPNA, Hall, and Tran to show the Commission why they should not be found to have violated section 4A of the Natural Gas Act and section 1c.1 of the Commission’s regulations, by engaging in a scheme to manipulate the price of natural gas at four locations in the southwest United States between June 2009 and June 2012. The Order to Show Cause further directs Total and TGPL to show cause why they should not be held liable for TGPNA’s, Hall’s and Tran’s conduct and held jointly and severally liable for their disgorgement and civil penalties based on Total’s and TGPL’s significant control and authority over TGPNA’s daily operations. Finally, the Order to Show Cause directs the Respondents to show cause why disgorgement and civil penalties should not be assessed for the violations alleged by Enforcement Staff."
2016,"Saracen Energy Midwest, LP, Order Approving Stipulation and Consent Agreement, 156 FERC ¶ 61,122 (August 22, 2016)","Civil penalties of $25,000 and compliance monitoring reporting.","The Commission issued an Order approving a Stipulation and Consent Agreement (Agreement) between the Office of Enforcement (Enforcement) and Saracen Energy Midwest, LP (Saracen). The Agreement resolves the investigation conducted by Enforcement into whether Saracen violated Southwest Power Pool, Inc.’s (SPP) Tariff, Attachment AE, Section 7.4.1(4), by submitting bids for Transmission Congestion Rights (TCRs) at Electrically Equivalent Settlement Locations (EESLs) for auctions in September and October 2014, and March and April 2015. Saracen admits the facts, but neither admits or denies the alleged violations. Saracen agrees to payment of the civil penalty and compliance measures."
2016,"National Energy & Trade, L.P., Order Approving Stipulation and Consent Agreement, 156 FERC ¶ 61,154 (September 1, 2016)","Civil penalties in the amount of $1,155,225.91, and disgorgement in the amount of $305,780.50, plus interest (disgorgement and interest to be paid to the Low Income Home Energy Assistance Program (LIHEAP) of the state of Texas), against National Energy & Trade, L.P.","The Commission issued an Order approving a Stipulation and Consent Agreement (Agreement) between the Office of Enforcement (Enforcement) and National Energy & Trade, L.P. (National Energy). The Agreement resolves the investigation conducted by Enforcement into whether National Energy violated the Commission’s Anti-Manipulation Rule, 18 C.F.R. § 1c.1 (2016), by manipulating physical natural gas prices between January 1, 2011 and September 30, 2015 at the Houston Ship Channel, Tetco M3, Transco Zone 6 (New York), and Henry Hub in order to benefit its related financial positions. National Energy neither admits nor denies the alleged violations, but it agrees to payment of the civil penalty and disgorgement."
2016,"Maxim Power Corporation, Maxim Power (USA), Inc., Maxim Power (USA) Holding Company Inc., Pawtucket Power Holding Co., LLC, Pittsfield Generating Company, LP, and Kyle Mitton, Docket No. IN15-4-000, Order Approving Stipulation and Consent Agreement, 156 FERC ¶ 61,223 (September 26, 2016), Prior Commission Activity: Order Assessing Civil Penalties, 151 FERC ¶ 61,094 (May 1, 2015), Order to Show Cause and Notice of Proposed Penalty, 150 FERC ¶ 61,068 (February 2, 2015).","Disgorgement by Maxim Power Corp. of $4,000,000 to ISO-NE. Civil Penalty by Maxim Power Corp. of $4,000,000 to United States Treasury.","The Commission issued an Order Assessing Civil Penalties for violations of the Commission’s Anti-Manipulation Rule, 18 C.F.R. § 1c.2, section 222 of the Federal Power Act (FPA), 16 U.S.C. § 824v(a), and 18 C.F.R. § 35.41(b) through a scheme to mislead the ISO-New England market monitor to collect make-whole payments for reliability dispatches based on the price of oil when Maxim’s plant actually burned less costly gas. Maxim and the other named corporate respondents including Mitton elected the procedures of FPA section 31(d)(3), in which the Commission assesses a penalty and, if the penalty is not paid, then institutes an action in federal district court to review the assessment. On September 26, 2016, the Commission issued an Order approving a Stipulation and Consent Agreement (Agreement) between the Office of Enforcement (Enforcement) and Maxim Power Corp., Maxim Power (USA), Inc., Maxim Power (USA) Holding Company Inc., Pawtucket Power Holding Company, LLC, and Pittsfield Generating Company, LP (Maxim Respondents), finding that the Agreement resolves on fair and equitable terms Enforcement’s investigation under Part 1b of the Commission’s regulations, 18 C.F.R. § 1b, into whether the Maxim Respondents violated section 222 of the Federal Power Act (FPA) and the Commission’s Anti-Manipulation Rule, 18 C.F.R. § 1c and the Commission’s rule concerning communications by entities with market-based rate authority. The Maxim Respondents neither admit nor deny the alleged violations and agree to pay the disgorgement and civil penalty outlined in the Agreement. The Agreement also resolves the Commission’s lawsuit captioned FERC v. Maxim Power Corporation et al., No. 3:15-cv-30113-MGM before the U.S. District Court for the District of Massachusetts, upon approval of dismissal by the court. . FERC and Maxim filed a Joint Stipulation of Dismissal with the District Court."
2016,"Lincoln Paper and Tissue, LLC, Docket No. IN12-10-000, Order Approving Stipulation and Consent Agreement, 155 FERC ¶ 61,228 (June 1, 2016) Prior Commission Activity: Order Assessing Civil Penalties, 144 FERC ¶ 61,162 (August 29, 2013); Order to Show Cause, 140 FERC ¶ 61,031 (July 17, 2012)","Disgorgement and civil penalties as follows, respectively: $379,016.03, in disgorgement. $5,000,000 in civil penalties.","During an Order to Show Cause proceeding before the Commission, Lincoln elected the procedures of FPA section 31(d)(3), in which the Commission assessed a penalty and on December 2, 2013, filed a Petition in the United States District Court for the District of Massachusetts to affirm and enforce its Order Assessing Civil Penalty. On April 11, 2016, the United States District Court for the District of Massachusetts denied Lincoln’s Motion to Dismiss and transferred the Litigation to the United States District Court for the District of Maine. On September 28, 2015, Lincoln filed for bankruptcy under Chapter 11 of the United States Bankruptcy Code, in the United States Bankruptcy Court for the District of Maine. On June 1, 2016, the Commission issued an Order Approving Stipulation and Consent Agreement (Agreement). The Agreement resolves the investigation into whether Lincoln engaged in fraudulent conduct in its participation in ISO-New England, Inc.’s (ISO-NE) Day-Ahead Load Response Program (DALRP), thereby violating the Commission’s Anti-Manipulation Rule, 18 C.F.R. § 1c.2 and section 222 of the Federal Power Act (FPA), and the subsequent Order Assessing Civil Penalties that resulted from the underlying Order to Show Cause proceeding relating to Enforcement’s investigation. Lincoln neither admits nor denies the allegations. The Commission-approved settlement was filed with the United States Bankruptcy Court for the District of Maine, which approved it on July 18, 2016 (In re Lincoln Paper and Tissue, LLC, Case No. 15-10715 (Bankr.D.Me. July 18, 2016) (ECF 637). Consistent with the settlement, the District Court case was closed on August 8, 2016 (FERC v. Lincoln Paper and Tissue, LLC, 1:16-cv-206 (D.Me. Aug. 8, 2016) (ECF 112))."
2016,"In re David Silva, Order Approving Stipulation and Consent Agreement, 156 FERC ¶ 61,155 (September 1, 2016)","Civil penalties in the amount of $40,000, and a one-year ban from participation in any FERC-jurisdictional natural gas markets, against David Silva","The Commission issued an Order approving a Stipulation and Consent Agreement (Agreement) between the Office of Enforcement (Enforcement) and David Silva. The Agreement resolves the investigation conducted by Enforcement into whether David Silva violated the Commission’s Anti-Manipulation Rule, 18 C.F.R. § 1c.1 (2016), by manipulating physical natural gas prices in January 2012 in order to benefit his related financial position. David Silva neither admits nor denies the alleged violations, but he agrees to payment of the civil penalty and the one-year ban."
2016,"ETRACOM LLC and Michael Rosenberg, Docket No. IN16-2-000, Order Assessing Penalties, 155 FERC ¶ 61,284 (June 17, 2016) Prior Commission Activity: Order to Show Cause and Notice of Proposed Penalty, 153 FERC ¶ 61,314 (December 16, 2015)","Civil penalties and disgorgement as follows, respectively: $2,400,000 civil penalty against ETRACOM; $100,000 civil penalty against Rosenberg; $315,072 plus interest in disgorgement against ETRACOM.","Following an Order to Show Cause proceeding, the Commission issued an Order Assessing Civil Penalties against ETRACOM and Rosenberg. The order found that ETRACOM and Rosenberg violated section 1c.2 of the Commission’s regulations and section 222 of the Federal Power Act (FPA), by submitting virtual supply transactions at the New Melones intertie (New Melones) at the border of the California Independent System Operator (CAISO) wholesale electric market in order to affect power prices and economically benefit ETRACOM’s Congestion Revenue Rights (CRRs) sourced at that location. ETRACOM and Rosenberg elected the procedures of FPA section 31(d)(3), in which the Commission assesses a penalty and if the disgorgement and civil penalties are not paid within 60 days, the Commission institutes an action in federal district court to affirm the assessment."
2016,"Coaltrain Energy, L.P., Peter Jones, Shawn Sheehan, Robert Jones, Jeff Miller, Jack Wells, Docket No. IN16-4-000 Order Assessing Penalties, 155 FERC ¶ 61,204 (May 27, 2016) Prior Commission Activity: Order to Show Cause and Notice of Proposed Penalty, 154 FERC ¶ 61,002 (January 6, 2016)","Disgorgement and civil penalties as follows, respectively: $4,121,894 plus interest in disgorgement against Coaltrain, Peter Jones, and Shawn Sheehan, jointly and severally. Coaltrain $26,000,000 (jointly and severally with Peter Jones and Shawn Sheehan); Peter Jones and Shawn Sheehan $5,000,000 each; Robert Jones $1,000,000; and Jeff Miller and Jack Wells $500,000 each in civil penalties.","Following an Order to Show Cause proceeding, the Commission issued an Order Assessing Civil Penalties against Coaltrain Energy, L.P., Peter Jones, Shawn Sheehan, Robert Jones, Jeff Miller, Jack Wells. The order found that Coaltrain, and the named individuals violated section 1c.2 of the Commission’s regulations and section 222 of the Federal Power Act (FPA), by engaging in fraudulent Up To Congestion (UTC) transactions in PJM Interconnection L.L.C.’s energy markets. The Commission declined to find Adam Hughes to have individually violated section 1c.2. The order further found that Coaltrain Energy, L.P. violated 18 C.F.R. § 35.41(b) of the Commission’s rules through false and misleading statements and material omissions relating to the existence of documents responsive to data requests and relating to the trading conduct at issue in the matter. Finally, the order assessed disgorgement and civil penalties as outlined for the violations. Coaltrain and the other named respondents elected the procedures of FPA section 31(d)(3), in which the Commission assesses a penalty and if the disgorgement and civil penalties are not paid within 60 days, the Commission institutes an action in federal district court to affirm the assessment."
2016,"Berkshire Power Company LLC and Power Plant Management Services LLC, Docket No. IN16-3-000, Order Approving Stipulation and Consent Agreement, 154 FERC ¶ 61,259 (March 30, 2016)","Disgorgement and civil penalties as follows, respectively: $1,012,563, plus interest in disgorgement by Berkshire. $2,000,000 in civil penalties, jointly and severally, against Berkshire and Power Plant Management, and an additional separate civil penalty in the amount of $30,000 against Berkshire for violations of the Reliability Standards.","The Commission issued an Order approving a Stipulation and Consent Agreement (Agreement) between the Office of Enforcement (Enforcement), Berkshire Power Company LLC (Berkshire), and Power Plant Management Services LLC (PPMS). The Agreement resolves the investigation conducted by Enforcement into whether Berkshire and PPMS violated section 222 of the Federal Power Act (FPA) and the Commission’s Anti-Manipulation Rule, 18 C.F.R. § 1c.1 (2015), and whether Berkshire separately violated the Market Behavior Rules, 18 C.F.R. § 35.41(a) and (b), the ISO-NE Tariff, and certain Commission-Approved Reliability Standards, by concealing plant maintenance and associated outages from ISO-New England, Inc. (ISO-NE) between January 1, 2008 and March 30, 2011. Berkshire and PPMS admit the violations and agree, in addition to payment of the civil penalties and disgorgement, to implement measures designed to improve compliance with applicable Commission regulations and jurisdictional tariffs."
2016,"BP America Inc., BP Corporation North America Inc., BP America Production Company, BP Energy Company, Docket No. IN13-15-000, Order Staying the Payment Directives of the Order Assessing Civil Penalties, 156 FERC ¶ 61,174 (September 12, 2016) Prior Commission Activity: Opinion No. 549, Order on Initial Decision and Rehearing, 156 FERC ¶ 61,031 (July 11, 2016), Initial Decision, 152 FERC ¶ 63,016 (August 13, 2015), Order Establishing Hearing, 147 FERC ¶ 61,130 (May 15, 2014)","Civil Penalty in the amount of $20,160,000 against BP America Inc., BP Corporation North America Inc., BP America Production Company, BP Energy Company (BP); disgorgement in the amount of $207,169 against BP.","The Commission issued an Order to Show Cause why the company should not be found to have violated the Anti-Manipulation Rule, 18 C.F.R. 1c.1, for sales of natural gas at specific natural gas trading hubs to affect the index price at which related financial instruments settled. The Commission set the matter for hearing before an ALJ. The ALJ’s Initial Decision, reviewable by the Commission, found that BP violated Section 1c.1 of the Commission’s regulations and Section 4A of the Natural Gas Act, and made factual findings respecting the application of the Commission’s Penalty Guidelines. The Commission issued an order affirming the ALJ’s Initial Decision and ordered BP to pay $20,160,000 in civil penalties and disgorge unjust profits in the amount of $207,169. On September 7, 2016, BP filed a Petition for Review of the Order on Initial Decision and Rehearing with the United States Court of Appeals for the Fifth Circuit. BP also filed a motion for the Commission to stay the payment directives ordered in the Penalty Assessment and the Commission issued an order on September 12, 2016 granting the motion."
2015,"Western Electricity Coordinating Council 151 FERC ¶ 61,175 (May 26, 2015)","$16,000,000, offset by $13,000,000 in Reliability Enhancements; Compliance Monitoring.","The Commission approved a settlement resolving findings under 9 Requirements of 5 Reliability Standards for failures to: establish valid system operating limits (SOLs) and interconnection reliability operating limits (IROLs), identify and prevent potential violations of SOLs and IROLs, be aware of the impact of protection systems, and to alert impacted Balancing Authorities and Transmission Operators regarding potential violations of SOLs and IROLs."
2015,"Maxim Power Corporation, Maxim Power (USA), Inc., Maxim Power (USA) Holding Company Inc., Pawtucket Power Holding Co., LLC, Pittsfield Generating Company, LP, and Kyle Mitton, Docket No. IN15-4-000, Order Assessing Civil Penalties, 151 FERC ¶ 61,094 (May 1, 2015) Prior Commission Activity: Order to Show Cause and Notice of Proposed Penalty, 150 FERC ¶ 61,068 (February 2, 2015)","Disgorgement by Maxim Power Corp. of $4,000,000 to ISO-NE. Civil Penalty by Maxim Power Corp. of $4,000,000 to United States Treasury.","The Commission issued an Order Assessing Civil Penalties for violations of the Commission’s Anti-Manipulation Rule, 18 C.F.R. § 1c.2, section 222 of the Federal Power Act (FPA), 16 U.S.C. § 824v(a), and 18 C.F.R. § 35.41(b) through a scheme to mislead the ISO-New England market monitor to collect make-whole payments for reliability dispatches based on the price of oil when Maxim’s plant actually burned less costly gas. Maxim and the other named corporate respondents including Mitton elected the procedures of FPA section 31(d)(3), in which the Commission assesses a penalty and, if the penalty is not paid within 60 days, then institutes an action in federal district court to review the assessment."
2015,"Houlian Chen Powhatan Energy Fund, LLC HEEP Fund, LLC. CU Fund, Inc., Docket No. IN15-3-000, Order Assessing Civil Penalties, 151 FERC ¶ 61,179 (May 29, 2015) Prior Commission Activity: Order Revising Show Cause Order149 FERC ¶ 61,263 (December 18, 2014), Order to Show Cause and Notice of Proposed Penalty, 149 FERC ¶ 61,261 (December 17, 2014)","Powhatan Energy Fund: Civil Penalty of $16,800,000 and Disgorgement of $3,465,108 in unjust profits; CU Fund: Civil Penalty of $10,080,000 and Disgorgement of $1,080,576 in unjust profits; HEEP Fund: Civil Penalty of $1,920,000 and Disgorgement of $173,100 in unjust profits; Houlian Chen: Civil Penalty of $500,000 for his acts on behalf of Powhatan Energy Fund and HEEP Fund and $500,000 for his acts on behalf of CU Fund.","The Commission issued an Order Assessing Civil Penalties finding a violation of the section 222 of the Federal Power Act (FPA), 16 U.S.C. § 824v, and the Commission’s Anti-Manipulation Rule, 18 C.F.R. § 1c.2, by engaging in fraudulent Up To Congestion (UTC) transactions in order to collect Marginal Loss Surplus Allocation (MLSA) payments in PJM Interconnection L.L.C.’s energy markets. Chen and the other named respondents elected the procedures of FPA section 31(d)(3), in which the Commission assesses a penalty and, if the penalty is not paid within 60 days, then institutes an action in federal district court to review the assessment."
2015,"ETRACOM LLC and Michael Rosenberg, Docket No. IN16-2-000, Order to Show Cause and Notice of Proposed Penalty,153 FERC ¶ 61,314 (December 16, 2015)","Civil penalties and disgorgement as follows, respectively: $2,400,000 civil penalty against ETRACOM; $100,000 civil penalty against Rosenberg; $315,072 plus interest in disgorgement against ETRACOM.","The Commission issued an Order to Show Cause and Notice of Proposed Penalty proceeding asking ETRACOM and Rosenberg to show why ETRACOM and Rosenberg should not be found to have violated section 1c.2 of the Commission’s regulations and section 222 of the Federal Power Act (FPA), by submitting virtual supply transactions at the New Melones intertie (New Melones) at the border of the California Independent System Operator (CAISO) wholesale electric market in order to affect power prices and economically benefit ETRACOM’s Congestion Revenue Rights (CRRs) sourced at that location. ETRACOM and Rosenberg have 30 days to respond to the Order to Show Cause."
2015,"Columbia Gas Transmission, LLC 152 FERC ¶ 61,089 (July 30, 2015)","$350,000 in Civil Penalties.","The Commission approved a settlement resolving findings that between January 1, 2010 and May 1, 2013, Columbia Gas violated Part 4 of its tariff by failing to post the notices of the auctions of its available firm capacity on the public side of its Electronic Bulletin Board (EBB) (Navigates). Columbia Gas admits to the violation."
2015,"City Power Marketing, LLC and K. Stephen Tsingas, Docket No. IN15-5-000, Order Assessing Civil Penalties, 152 FERC ¶ 61,012 (July 2, 2015) Prior Commission Activity: Order to Show Cause and Notice of Proposed Penalty, 150 FERC ¶ 61,176 (March 6, 2015)","Civil penalties and disgorgement as follows: $1,278,358 in disgorgement jointly and severally against City Power and Tsingas; $14 million civil penalty against City Power; $1 million civil penalty against Tsingas.","The Commission issued an Order Assessing Civil Penalties for alleged violation of the Commission’s Anti-Manipulation Rule, 18 C.F.R. § 1c.2, section 222 of the Federal Power Act (FPA), 16 U.S.C. § 824v(a), and 18 C.F.R. § 35.41(b) by engaging in (i) a scheme to collect Marginal Loss Surplus Allocation payments through large volumes of sham Up To Congestion trades in PJM and (ii) false statements under oath to staff designed to conceal important contemporaneous evidence (instant messages) discussing the trades. City Power and Tsingas elected, as part of their response to the Commission’s Order to Show Cause, the procedures of FPA section 31(d)(3), in which the Commission assessed a penalty and instituted an action in federal district court to affirm the assessment."
2014,"Western Area Power Administration – Desert Southwest Region 149 FERC ¶ 61,157 (November 24, 2014)",Mitigation and compliance enhancement measures; Compliance Monitoring.,The Commission approved a settlement resolving findings under 4 Requirements of 3 Reliability Standards for failure to operate Western-DSW’s portion of the transmission system within voltage system operating limits and maintain sufficient situational awareness.
2014,"Southern California Edison Company, 149 FERC ¶ 61,061 (October 21, 2014)","$650,000, offset by $400,000 in Reliability Enhancements; Compliance Monitoring.",The Commission approved a settlement resolving findings under 1 Requirement of 1 Reliability Standard for failure to coordinate SCE’s intertie separation scheme with other protection systems.
2014,"MISO Virtual and FTR Trading (Louis Dreyfus Energy Services), 146 FERC ¶ 61,072 (Feb. 7, 2014)","$4,072,257 Civil Penalty, LDES; $3,334,000 Disgorgement, LDES; $310,000 Civil Penalty, Cheng; Compliance Enhancements; Compliance Monitoring.","The Commission approved a settlement resolving findings under the Anti-Manipulation Rule, 18 C.F.R. § 1c.2, for virtual transactions made to increase the value of the company’s position in financial transmission rights."
2014,"MISO Cinergy Hub Transactions (Twin Cities Power – Canada, Ltd., Twin Cities Energy, LLC, Twin Cities Power, LLC, Jason F. Vaccaro, Allan Cho, Gaurav Sharma) 149 FERC ¶ 61,278 (December 30, 2014)","$2,500,000 Civil Penalty, Twin Cities; $978,186 Disgorgement, Twin Cities; $400,000 Civil Penalty, trader Jason F. Vaccaro; $275,000 Civil Penalty, trader Allan Cho; $75,000 Civil Penalty, trader Gaurav Sharma; Compliance Enhancements; Compliance Monitoring.","The Commission approved four settlements resolving findings that the company and three former traders violated the Commission's Prohibition of Electric Energy Market Manipulation, 18 C.F.R. 1c.2 by scheduling and trading physical power in MISO to benefit related swap positions that settle off of real-time MISO prices."
2014,"International Transmission Company, Michigan Electric Transmission Company, LLC, ITC Midwest LLC, ITC Great Plains, LLC, 146 FERC ¶ 61,172 (Mar. 11, 2014)","$750,000 Civil Penalty; Compliance Enhancements; Compliance Monitoring.",The Commission approved a settlement resolving findings under FPA section 205 for failure to timely file jurisdictional contracts and under FPA section 203 for failure to timely seek Commission authorization for jurisdictional transactions.
2014,"Indianapolis Power & Light Company, 148 FERC ¶ 61,007 (July 3, 2014)","$32,500 Civil Penalty; $301,000 Disgorgement; Compliance Enhancements; Compliance Monitoring.",The Commission approved a settlement resolving admitted violation of section 39.2.5 (c) of the MISO tariff for failure to adjust its real-time offers for the unit to reflect its actual capacity on two days when conditions limited its available output.
2014,"In re Erie Boulevard Hydropower, L.P. and Brookfield Power US Assets Management, LLC (BPAM), 146 FERC ¶ 61,027 (Jan. 15, 2014)","$4,000,000 Civil Penalty against Erie; $1,700,000 Public Safety Enhancements by Erie and BPAM; Compliance and Operational Enhancements.",The Commission approved a settlement resolving findings under Part 12 of the Commission’s regulations for failure to adequately maintain and operate dam safety mechanisms.
2014,"Imperial Irrigation District, 148 FERC ¶ 61,108 (August 7, 2014)","$12,000,000, offset by $9,000,000 in Reliability Enhancements; Compliance Monitoring.","The Commission approved a settlement resolving findings under 10 Requirements of 4 Reliability Standards for failures to: perform certain necessary operational planning studies, coordinate those studies with its neighboring transmission operators, establish valid system operating limits, conduct near- and long-term planning studies that consider the most severe system results, and operate the system to prevent any disturbance from creating emergency operating conditions."
2014,"Houlian Chen Powhatan Energy Fund, LLC HEEP Fund, LLC. CU Fund, Inc. , 149 FERC ¶ 61,261 (December 17, 2014) Order Revising Show Cause Order 149 FERC ¶ 61,263 (December 18, 2014)","Proposed civil penalties and disgorgement as follows: Powhatan Energy Fund: Civil Penalty of $16,800,000 and Disgorgement of $3,465,108 in unjust profits; CU Fund: Civil Penalty of $10,080,000 and Disgorgement of $1,080,576 in unjust profits; HEEP Fund: Civil Penalty of $1,920,000 and Disgorgement of $173,100 in unjust profits; Houlian Chen: Civil Penalty of $500,000 for his acts on behalf of Powhatan Energy Fund and HEEP Fund and $500,000 for his acts on behalf of CU Fund.","The Commission issued an Order Assessing Civil Penalties finding a violation of the section 222 of the Federal Power Act (FPA), 16 U.S.C. § 824v, and the Commission’s Anti-Manipulation Rule, 18 C.F.R. § 1c.2, by engaging in fraudulent Up To Congestion (UTC) transactions in order to collect Marginal Loss Surplus Allocation (MLSA) payments in PJM Interconnection L.L.C.’s energy markets."
2014,"Direct Energy Services, LLC, 148 FERC ¶ 61,114 (August 11, 2014)","$20,000 civil penalty; $31,935 disgorgement; continuing existing compliance measures going forward; compliance monitoring.","The Commission approved a settlement arising from a self-report by Direct Energy that led to an investigation in which Staff concluded that two traders formerly employed by Direct Energy manipulated the price of physical natural gas at two hubs on several days in May 2012 to benefit related financial positions. Staff also concluded that Direct Energy promptly (i) discovered the trades, (ii) suspended the traders, (iii) investigated the situation, (iv) fired the traders, and (iv) self-reported, after which it cooperated fully in Staff’s investigation."
2014,"California Independent System Operator 149 FERC ¶ 61,189 (November 28, 2014)","$6,000,000, offset by $4,000,000 in Reliability Enhancements; Compliance Monitoring.","The Commission approved a settlement resolving findings under 3 Requirements of 3 Reliability Standards for failures to: monitor the current flow on Path 44 in amps, or by any other method that would alert operators to the need for corrective action to avert operation of the separation scheme at the San Onofre switchyard, to operate so that instability, uncontrolled separation and cascading outages would not occur as the result of a single contingency, and establish valid system operating limits."
2014,"BP America Inc., BP Corporation North America Inc., BP America Production Company, BP Energy Company, 147 FERC ¶ 61,130 (May 15, 2014) Prior Commission Activity: Order to Show Cause and Notice of Proposed Penalty, 144 FERC ¶ 61,100 (Aug. 5, 2013)","Proposed $28,000,000 Civil Penalty and other sanctions including disgorgement of unjust profits pending hearing and consideration by the Commission.","The Commission issued an Order to Show Cause why the company should not be found to have violated the Anti-Manipulation Rule, 18 C.F.R. 1c.1, for sales of natural gas at specific natural gas trading hubs to affect the index price at which related financial instruments settled. The Commission has set the matter for hearing before an Administrative Law Judge."
2014,"Arizona Public Service Company, 148 FERC ¶ 61,009 (July 7, 2014)","$3,250,000 Civil Penalty, offset by $1,250,000 to be expended on Reliability and Compliance Enhancements; Compliance Monitoring.","The Commission approved a settlement resolving findings under 4 Requirements of 2 Reliability Standards for failure to perform certain necessary operational planning studies, coordinate those studies with its neighboring transmission operators, and operate the system to prevent any disturbance from creating emergency operating conditions."
2013,"Southwest Power Pool, Inc., 144 FERC ¶ 61,019 (July 10, 2013)","$50,000 Civil Penalty; Mitigation Measures; Compliance Monitoring.",The Commission approved a settlement resolving findings under the Reliability Standards for failing to coordinate with neighboring Reliability Coordinators during a control center outage and failing to report the outage to NERC after the event.
2013,"Seneca Falls Power Corporation, 143 FERC ¶ 61,063 (Apr. 23, 2013)","$150,000 Civil Penalty; Operational Enhancements; Compliance Monitoring.",The Commission approved a settlement resolving findings of failure to meet hydropower license requirements concerning lake water levels; operations in conjunction with relevant state authorities; and construction of fish passages.
2013,"Rumford Paper Company, 142 FERC ¶ 61,218 (Mar. 22, 2013)","$10,000,000 Civil Penalty; $2,836,419.08 Disgorgement; Compliance Enhancements; Compliance Monitoring.","The Commission issued an Order to Show Cause why the company should not be found to have violated the Commission’s Anti-Manipulation Rule, 18 C.F.R. § 1c.2, for fraudulently inflating baseline energy consumption in the New England ISO market in order to later claim greater energy curtailments, and payments, in the Day-Ahead Load Response Program (demand response). The Commission subsequently approved a settlement resolving the matter."
2013,"Richard Silkman, Docket No. IN12-13-000, Order Assessing Penalties, 144 FERC ¶ 61,164 (August 29, 2013) Prior Commission Activity: Order to Show Cause and Notice of Proposed Penalty, 140 FERC ¶ 61,033 (July 17, 2012)","$1,250,000 Civil Penalty.","The Commission issued an Order Assessing Civil Penalty finding a violation of the Anti-Manipulation Rule, 18 C.F.R. 1c.2, for fraudulently inflating baseline energy consumption in the New England ISO market in order to later claim greater energy curtailments, and payments, in the Day-Ahead Load Response Program (demand response). Silkman elected the procedures of FPA section 31(d)(3), in which the Commission will institute an action in federal district court if the penalty is not paid within 60 days of the date of the Order."
2013,"Lincoln Paper and Tissue, LLC, Docket No. IN12-10-000, Order Assessing Civil Penalties, 144 FERC ¶ 61,162 (August 29, 2013) Prior Commission Activity: Order to Show Cause, 140 FERC ¶ 61,031 (July 17, 2012)","Disgorgement and civil penalties as follows, respectively: $379,016.03, in disgorgement. $5,000,000 in civil penalties.","The Commission issued an Order Assessing Civil Penalty finding a violation of the Anti-Manipulation Rule, 18 C.F.R. 1c.2, for fraudulently inflating baseline energy consumption in the New England ISO market in order to later claim greater energy curtailments, and payments, in the Day-Ahead Load Response Program (demand response). Lincoln elected the procedures of FPA section 31(d)(3), in which the Commission will institute an action in federal district court if the penalty is not paid within 60 days of the date of the Order."
2013,"In re Westar Energy, Inc., 142 FERC ¶ 61,066 (Jan. 25, 2013)","$420,000 Civil Penalty; $1,153,836 Disgorgement (to customers and SPP); Compliance Monitoring.",The Commission approved a settlement resolving findings under the Southwest Power Pool’s Open Access Transmission Tariff for use of secondary network integrated transmission service (NITS) for the purchase of electricity to facilitate off-system sales.
2013,"In re Progress Energy Florida, Inc., 142 FERC ¶ 61,041 (Jan. 16, 2013)","$80,000 Civil Penalty; Compliance Enhancements; Compliance Monitoring.",The Commission approved a settlement resolving findings under the Commission order granting the entity Market Based Rate authority and under the entity’s tariff for making sales at market-based rates that should have been at cost-based rates.
2013,"In re PJM Up-To Congestion Transactions, 142 FERC ¶ 61,088 (Feb. 1 , 2013)","$51,000 Civil Penalty; $29,563 Disgorgement; Compliance Training.","The Commission approved a settlement resolving findings under the Anti-Manipulation Rule, 18 C.F.R. § 1c.2, for a manipulative trading scheme designed to improperly collect a market credit."
2013,"In re Make-Whole Payments and Related Bidding Strategies (JP Morgan Ventures Energy Corporation), 144 FERC ¶ 61,068 (July 30, 2013)","$285,000,000 Civil Penalty; $125,000,000 Disgorgement; Waiver of Claims (for additional market payments and in related litigation); Compliance Enhancements; Compliance Monitoring.","The Commission approved a settlement resolving findings under its Anti-Manipulation Rule, 18 C.F.R. § 1c.2, and also under MISO tariff 39.2.5.c, for multiple strategies in the CAISO and MISO markets intended to obtain above-market payments through fraudulent bidding practices."
2013,"Enterprise Texas Pipeline LLC, 144 FERC ¶ 61,156 (Aug. 26, 2013)","$315,000 Civil Penalty; $7,234,539.62 Disgorgement; Compliance Monitoring.",The Commission approved a settlement resolving findings under NGPA section 311 and 18 C.F.R. § 284.123 that Enterprise failed to obtain Commission authorization for a fee it charged to its users.
2013,"Entergy Services, Inc., 142 FERC ¶ 61,241 (Mar. 28, 2013)","$975,000 Civil Penalty; Mitigation Measures; Compliance Monitoring.",The Commission approved a settlement resolving findings under 27 Requirements of 15 Reliability Standards concerning protection system maintenance; facility ratings; system modeling; operator qualification; and communication systems.
2013,"Enerwise Global Technologies, Inc., 143 FERC ¶ 61,218 (June 7, 2013)","$780,000 Civil Penalty; $20,726 Disgorgement; Operational Enhancements; Compliance Monitoring.",The Commission approved a settlement resolving findings under 18 C.F.R. § 1c.2 for fraudulently inflating baseline energy consumption of demand response provider in the PJM market in order to claim greater energy curtailments and payments.
2013,"Deutsche Bank Energy Trading, LLC, 142 FERC ¶ 61,056 (Jan. 22, 2013)","$1,500,000 Civil Penalty; $172,645 Disgorgement; Compliance Enhancements; Compliance Monitoring.","The Commission issued an Order to Show Cause why it should not assess a penalty for violation of the Anti-Manipulation Rule, 18 C.F.R. § 1c.2, for trading electricity exports in the California ISO market to affect the value of related congestion revenue rights in that market; and violation of 18 C.F.R. § 35.41(b) for submission of false information to the ISO by improperly designating transactions in contravention to the tariff definitions. The Commission subsequently approved a settlement resolving the matter."
2013,"DTE Gas Company; and Washington 10 Storage Corporation, 143 FERC ¶ 61,188 (May 31, 2013)","$15,000 Civil Penalty, DTE; $725,000 Civil Penalty, Washington 10; $2,508,227 Disgorgement, Washington 10; Compliance Enhancements, Compliance Monitoring.","The Commission approved a settlement resolving admitted violations under 18 C.F.R. Part 284 for releases of short-term, discounted capacity without posting and bidding; and under Part 284, NGPA section 311, and Washington 10’s Statement of Operating Conditions for charging unauthorized rates to certain customers and failing to satisfy certain Commission reporting requirements."
2013,"Constellation Energy Commodities Group, Inc., 145 FERC ¶ 61,062 (Oct. 18, 2013)","$500,000 Civil Penalty; $145,928 Disgorgement; Compliance Monitoring.","The Commission approved a settlement resolving admitted violation of 18 C.F.R. § 35.41(b), and related CAISO tariff provision, for falsely designating transactions to improperly ensure awards of bids at multiple interties."
2013,"Competitive Energy Services, LLC, Docket No. IN12-12-000, Order Assessing Penalties, 144 FERC ¶ 61,163 (August 29, 2013) Prior Commission Activity: Order to Show Cause and Notice of Proposed Penalty, 140 FERC ¶ 61,032 (July 17, 2012)","$7,500,000 Civil Penalty; $166,841.13 Disgorgement.","The Commission issued an Order Assessing Civil Penalty finding a violation of the Anti-Manipulation Rule, 18 C.F.R. 1c.2, for fraudulently inflating baseline energy consumption in the New England ISO market in order to later claim greater energy curtailments, and payments, in the Day-Ahead Load Response Program (demand response). CES elected the procedures of FPA section 31(d)(3), in which the Commission will institute an action in federal district court if the penalty is not paid within 60 days of the date of the Order."
2013,"Barclays Bank PLC, Daniel Brin, Scott Connelly, Karen Levine, and Ryan Smith, 144 FERC ¶ 61,041 (July 16, 2013) Prior Commission Activity: Order to Show Cause and Notification of Proposed Penalty, 141 FERC ¶ 61,084 (October 31, 2012)","$435,000,000 Civil Penalty, Barclays; $34,900,000 Disgorgement, Barclays; $15,000,000 Civil Penalty, trader Scott Connelly; $1,000,000 Civil Penalty each, traders Daniel Brin, Karen Levine, and Ryan Smith.","The Commission issued an Order Assessing Civil Penalties finding a violation of the Anti-Manipulation Rule, 18 C.F.R. § 1c.2, for trading electricity in the western United States to affect the index price at which related financial instruments settled. Barclays and the individual traders elected the procedures of FPA section 31(d)(3), in which the Commission assesses a penalty and, if the penalty is not paid, then institutes an action in federal district court to review the assessment."
2013,"BP America Inc., BP Corporation North America Inc., BP America Production Company, BP Energy Company, Docket No. IN13-15-000, Order to Show Cause and Notice of Proposed Penalty, 144 FERC ¶ 61,100 (Aug. 5, 2013)","Civil Penalty in the amount of $28,000,000 against BP America Inc., BP Corporation North America Inc., BP America Production Company, BP Energy Company (BP); disgorgement in the amount of $800,000 plus interest by BP.","The Commission issued an Order to Show Cause why the company should not be found to have violated the Anti-Manipulation Rule, 18 C.F.R. 1c.1, for sales of natural gas at specific natural gas trading hubs to affect the index price at which related financial instruments settled."
2012,"Rumford Paper Company, Order to Show Cause and Notice of Proposed Civil Penalty, 140 FERC ¶ 61,030 (Jul. 17, 2012)","Proposed $10,000,000 Civil Penalty; $2,836,419.08 Disgorgement; Compliance Enhancements; Compliance Monitoring.","The Commission issued an Order to Show Cause asking Rumford Paper Company to show why the Commission should not issue an order finding a violation of the Anti-Manipulation Rule, 18 C.F.R. 1c.2, for fraudulently inflating baseline energy consumption in the New England ISO market in order to later claim greater energy curtailments, and payments, in the Day-Ahead Load Response Program (demand response)."
2012,"Richard Silkman, Docket No. IN12-13-000, Order to Show Cause and Notice of Proposed Penalty, 140 FERC ¶ 61,033 (July 17, 2012)","$1,250,000 Civil Penalty.","The Commission issued an Order to Show Cause asking Silkman to show why the Commission should not issue an order finding a violation of the Anti-Manipulation Rule, 18 C.F.R. 1c.2, for fraudulently inflating baseline energy consumption in the New England ISO market in order to later claim greater energy curtailments, and payments, in the Day-Ahead Load Response Program (demand response)."
2012,"Lincoln Paper and Tissue, LLC, Docket No. IN12-10-000, Order to Show Cause, 140 FERC ¶ 61,031 (July 17, 2012)","Disgorgement and civil penalties as follows, respectively: $379,016.03, in disgorgement. $5,000,000 in civil penalties.","The Commission issued an Order to Show Cause asking Lincoln Paper and Tissue, LLC to show why the Commission should not issue an order finding a violation of the Anti-Manipulation Rule, 18 C.F.R. 1c.2, for fraudulently inflating baseline energy consumption in the New England ISO market in order to later claim greater energy curtailments, and payments, in the Day-Ahead Load Response Program (demand response)."
2012,"In re Xcel Energy Inc. 138 FERC ¶ 61,026 (January 17, 2012)","$2,000,000 Civil Penalty; Compliance Monitoring.","The Commission approved a settlement resolving findings under Xcel’s OATT and Southwest Power Pool, Inc.’s OATT for improper use of Network Integrated Transmission Service."
2012,"In re Vista Energy Marketing, L.P. 139 FERC ¶ 61,154 (May 24, 2012)","$350,000 Civil Penalty; Market Participation Restrictions (2 years) against individual investor.",The Commission approved a settlement resolving findings under 18 C.F.R. § 35.41(b) and Vista’s market based rate tariff for misrepresentations and violation of Commission terms and conditions related to the extent of individual investor’s involvement in company activities.
2012,"In re Missouri Gas Energy 140 FERC ¶ 61,135 (August 23, 2012)","$35,000 Civil Penalty; Compliance Monitoring.","The Commission approved a settlement resolving admitted violations under 18 C.F.R. Part 284 for releases of short-term, discounted gas pipeline capacity without posting and bidding and for failure to post the terms and conditions of certain releases; and under the Commission’s capacity release program requirement that shipper must have title and the prohibition against buy/sell arrangements."
2012,"In re Joseph Polidoro, 138 FERC ¶ 61,018 (January 11, 2012)","$50,000 Civil Penalty; Market Participation Restrictions (2 years) against individual founding partner.","The Commission approved a settlement resolving findings under the Anti-Manipulation Rule, 18 C.F.R. § 1c.2, for registering resources in PJM’s demand response program that he knew were unavailable to respond to events and receiving payments for load reduction those resources did not provide."
2012,"In re ConocoPhillips Company, 138 FERC ¶ 61,004 (January 4, 2012)","$545,000 Civil Penalty; $3,174,900 Disgorgement; Compliance Monitoring.","The Commission approved a settlement resolving findings under 18 C.F.R. Part 284 for releases of short-term, discounted gas pipeline capacity without posting and bidding; and under the Commission’s Open Access Transportation requirement that shipper must have title and the prohibition against buy/sell arrangements."
2012,"In re California Independent System Operator Corporation, 141 FERC ¶ 61,209 (December 14, 2012)","$200,000 Civil Penalty; Compliance Monitoring.",The Commission approved a settlement resolving findings under the Reliability Standards for inappropriate load shedding based on failure to perform operational planning to replace generation requirements and failure to adequately train the operators on the circumstances that permit load shedding.
2012,"In RE PacificCorp, 141 FERC ¶ 61,156 (November 28, 2012)","$265,000 Civil Penalty; Compliance Monitoring.",The Commission approved a settlement resolving findings under 18 C.F.R. § 37.6(e)(1) and PacifiCorp’s OATT for failure to properly administer and enforce the customer mechanisms for reserving and paying for transmission.
2012,"Gila River Power, LLC 141 FERC ¶ 61,136 (November 19, 2012)","$2,500,000 Civil Penalty; $910,553 Disgorgement; Compliance Enhancements; Compliance Monitoring.","The Commission approved a settlement resolving admitted violations under the Anti-Manipulation Rule, 18 C.F.R. § 1c.2, and under 18 C.F.R. § 35.41(b) that Gila River falsely labeled transactions submitted to the CAISO in order to artificially relieve congestion at interties and thereby improve profits on certain imports."
2012,"EnerNOC Inc. and Celerity Energy Partners LLC, 141 FERC ¶ 61,211 (December 17, 2012)","$820,000 Civil Penalty; $656,806 Disgorgement; Compliance Enhancements; Compliance Monitoring.","The Commission approved a settlement resolving admitted violations of the ISO-NE tariff, 18 C.F.R. Part 35 regulations related to Market Based Rate authority, and Celerity’s market based rate tariff for submission of inaccurate data to the ISO, receipt of overpayments for demand response services, and untimely filings with the Commission."
2012,"Constellation Energy Commodities Group, Inc. 138 FERC ¶ 61,168 (March 9, 2012)","$135,000,000 Civil Penalty; $110,000,000 Disgorgement; Market Participation Restrictions against individual traders on behalf of Constellation; Compliance Enhancements; Compliance Monitoring.","The Commission approved a settlement resolving findings under the Anti-Manipulation Rule, 18 C.F.R. § 1c.2, and under 18 C.F.R. § 35.41(b) for trading energy in ISO-NE and NYISO to affect market prices for the benefit of financial instruments based on those prices, and for misrepresenting the purpose of the trades when questioned by the NYISO market monitor."
2012,"Competitive Energy Services, LLC, Docket No. IN12-12-000, Order to Show Cause and Notice of Proposed Penalty, 140 FERC ¶ 61,032 (July 17, 2012)","$7,500,000 Civil Penalty; $166,841.13 Disgorgement.","The Commission issued an Order to Show Cause asking Competitive Energy Services, LLC to show why the Commission should not issue an order finding a violation of the Anti-Manipulation Rule, 18 C.F.R. 1c.2, for fraudulently inflating baseline energy consumption in the New England ISO market in order to later claim greater energy curtailments, and payments, in the Day-Ahead Load Response Program (demand response)."
2012,"Barclays Bank PLC, Daniel Brin, Scott Connelly, Karen Levine, and Ryan Smith, Order to Show Cause and Notification of Proposed Penalty, 141 FERC ¶ 61,084 (October 31, 2012)","Proposed $435,000,000 Civil Penalty, Barclays; $34,900,000 Disgorgement, Barclays; $15,000,000 Civil Penalty, trader Scott Connelly; $1,000,000 Civil Penalty each, traders Daniel Brin, Karen Levine, and Ryan Smith.","The Commission issued an Order to Show Cause asking Barclays and the named individuals to explain to the Commission why they should not be found to have violated the Anti-Manipulation Rule, 18 C.F.R. § 1c.2, for trading electricity in the western United States to affect the index price at which related financial instruments settled."
2012,"Alliance Pipeline LP, 141 FERC ¶ 61,182 (November 30, 2012)","$500,000 Civil Penalty; Compliance Monitoring.","The Commission approved a settlement resolving findings under the Standards of Conduct for Transmission Providers, 18 C.F.R. Part 385, and Alliance’s transmission tariff for using its parent company to share non-public transmission information with an affiliate and for failure to make that information timely available to other customers."
2011,"Western Electric Coordination Council, 136 FERC ¶ 61,020 (July 7, 2011)","$350,000 Civil Penalty; Reliability and Compliance Enhancements; Compliance Monitoring.","The Commission approved a settlement resolving findings under 9 Requirements of 5 Reliability Standards for failure to respond properly to a system emergency, to initiate Energy Emergency Alerts and use three-step directives, and to model its Special Protection System or be prepared for an outage of its Real Time Contingency Analysis tool."
2011,"PacifiCorp, 137 FERC ¶ 61,176 (December 1, 2011)","$3,925,000 Civil Penalty; Reliability and Compliance Enhancements; Compliance Monitoring.",The Commission approved a settlement resolving findings under 23 Requirements of 15 Reliability Standards concerning being prepared for and appropriately responding to emergency conditions in the event of an energy-load imbalance on the system.
2011,"National Fuel Marketing Company, LLC, NFM Midstream, LLC, NFM Texas Pipeline, LLC, NFM Texas Gathering, LLC, Docket No. IN09-10-000, Order Assessing Penalties, 135 FERC ¶ 61,011 (April 7, 2011) Prior Commission Activity: Order to Show Cause and Notice of Proposed Penalty, 126 FERC ¶ 61,042 (Jan. 15, 2009)","$290,000 Civil Penalty; Compliance Monitoring.",The Commission issued an Order to Show Cause why it should not assess a penalty for violation of Commission’s Open Access Transportation requirement that natural gas shippers must have title. The Commission subsequently approved a settlement resolving the matter.
2011,"National Energy & Trade, L.P., Mission Valley Pipeline Company, 134 FERC ¶ 61,072 (January 31, 2011)","$500,000 Civil Penalty; Compliance Monitoring.","The Commission approved a settlement resolving findings under the Commission’s Open Access Transportation regulations that prohibit flipping of short term capacity releases between affiliated shippers, and resolving admitted violation of the requirement that natural gas shippers must have title."
2011,"Moussa I. Kourouma D/B/A Quntum Energy LLC, Docket No. IN11-2-000, Order Assessing Civil Penalties, 135 FERC ¶ 61,245 (June 16, 2011) Prior Commission Activity: Order to Show Cause and Notice of Proposed Penalty, 134 FERC ¶ 61,105 (Feb 14, 2011)","$50,000 Civil Penalty, affirmed by the United States Court of Appeals, District of Columbia Circuit.","The Commission issued a final order assessing a civil penalty for violation of 18 C.F.R. § 35.41(b) for submission of false information to the Commission in an application for Market Based Rate authority. Kourouma petitioned pursuant to FPA section 31(d)(2)(B) for review in the U.S. Court of Appeals for the District of Columbia Circuit, which denied the petition."
2011,"In re Seminole Energy Services, LLC, Seminole Gas Company, LLC, Seminole High Plains, LLC, Lakeshore Energy Services, LLC Vanguard Energy Services, LLC, Docket No. IN09-9-000, Order Assessing Penalties, 135 FERC ¶ 61,010 (April 7, 2011) Prior Commission Activity: Order to Show Cause and Notice of Proposed Penalty, 126 FERC ¶ 61,041 (Jan. 15, 2009)","$300,000 Civil Penalty; $271,315 Disgorgement; Compliance Monitoring.",The Commission issued an Order to Show Cause why it should not assess a penalty for violation of Commission’s Open Access Transportation requirement prohibiting buy/sell natural gas transactions. The Commission subsequently approved a settlement resolving the matter.
2011,"In re Holyoke Gas and Electric Department, 137 FERC ¶ 61,159 (November 29, 2011)","$336,367.86 Disgorgement.","The Commission approved a settlement resolving findings under the Anti-Manipulation Rule, 18 C.F.R. § 1c.2, for failure to advise the ISO-NE of planned outages of generation units that were registered in the ISO’s capacity market."
2011,"In re Atmos Energy Corporation, Atmos Energy Marketing, Inc., Trans Louisiana Gas Pipeline, Inc., 137 FERC ¶ 61,190 (December 9, 2011)","$6,364,029 Civil Penalty; $5,635,971 Disgorgement; Compliance Monitoring.","The Commission approved a settlement resolving admitted violations of the Anti-Manipulation Rule, 18 C.F.R. § 1c.1, and of 18 C.F.R. § 284.8(h)(2) for serial alternating releases of short-term, discounted gas pipeline capacity to affiliated entities without posting and bidding; and under the Commission’s Open Access Transportation requirement that natural gas shippers must have title."
2011,"Grand River Dam Authority, 136 FERC ¶ 61,132 (August 29, 2011)","$350,000 Civil Penalty; $2,000,000 Mitigation and Compliance Enhancement Measures; Compliance Monitoring.",The Commission approved a settlement resolving findings under 52 Requirements of 19 Reliability Standards concerning long-term and operational system planning; communications network maintenance and architecture; preparedness for emergency operations; protection system maintenance; accurate facility ratings and system models; documentation of interconnection requirements; and system operator training.
2011,"Duke Energy Carolinas, LLC, 136 FERC ¶ 61,237 (September 30, 2011)","$425,000 Civil Penalty; Compliance Monitoring.",The Commission approved a settlement resolving admitted violations of Duke’s Market Based Rate authority Orders and Tariff and of 18 C.F.R. § 35.10b for charging improper rates to counterparties and misreporting its sales to the Commission.
2011,"Dartmouth Power Associates Limited Partnership, 134 FERC ¶ 61,085 (February 3, 2011)",Compliance Monitoring.,The Commission approved a settlement resolving findings under the ISO-NE tariff and 18 C.F.R. 35.41 for failure to notify the ISO of a planned maintenance outage of a generator registered in the capacity market.
2011,"Brian Hunter, , Docket No. IN07-26-004, Order Affirming Initial Decision and Ordering Payment of Civil Penalty,135 FERC ¶ 61,054 (April 21, 2011) Prior Commission Activity: Initial Decision, 130 FERC ¶ 63,004 (Jan. 22, 2010), Order Granting Severence and Partial Stay, 128 FERC ¶ 61,081 (Jul. 23, 2009), Order Establishing Hearing Procedures, Docket No. IN07-26-000, 124 FERC ¶ 61,050 (Jul. 17, 2008), Order to Show Cause and Notice of Proposed Penalties, Docket No. IN07-26-000, 120 FERC ¶ 61,085 (Jul. 26, 2007)","$30,000,000 Civil Penalty, overturned on jurisdictional grounds by the United States Court of Appeals, District of Columbia Circuit.","The Commission issued a final Order Assessing Civil Penalties finding, after adjudication before an ALJ, a violation of the Commission’s Anti-Manipulation Rule, 18 C.F.R. § 1c.1, for trading natural gas futures contracts on the NYMEX to affect the index price at which related financial instruments settled. Hunter petitioned pursuant to NGA section 717r(b) for review in the U.S. Court of Appeals for the District of Columbia Circuit, which granted the petition."
2011,"Black Hills Power, Inc., 136 FERC ¶ 61,088 (August 5, 2011)","$200,000 Civil Penalty; Compliance Enhancements; Independent Compliance Audit; Compliance Monitoring.","The Commission approved a settlement resolving admitted violations under 18 C.F.R. Part 37 and its tariff for failing to post certain information on OASIS, and charge proper rates for service, and for providing service to an affiliate with disclosing to other customers, and also under 18 C.F.R. Part 35 for providing brokering services without charge to its affiliate."
2010,"South Jersey Gas Co., South Jersey Resources Group, LLC, 132 ¶ 61,266 (September 27, 2010)","$950,000 Civil Penalty $120,551 Disgorgement","Civil penalty and compliance reporting resulting from violations of open access transportation policies, including competitive bidding requirements for long-term, discounted rate capacity releases, the shipper-must-have-title requirement, and the prohibition on buy/sell transactions."
2010,"RRI Energy, Inc., RRI Energy Wholesale Generation, LLC, 132 FERC ¶ 61,267 (September 27, 2010)","$750,000 Civil Penalty","Civil penalty and compliance reporting resulting from violations of open access transportation policies, including competitive bidding requirements for long-term, discounted rate capacity releases, and the prohibition on buy/sell transactions."
2010,"North America Power Partners, 133 FERC ¶ 61,089 (October 28, 2010) Order Modifying Stipulation and Consent Agreement, 143 FERC ¶ 61,064 (April 23, 2013)","$500,000 Civil Penalty $2,258,127 Disgorgement","Civil penalty, disgorgement, and compliance reporting resulting from violations of 18 C.F.R. § 1c.2 (2010) and various provisions of Open Access Transmission Tariff. On April 23, 2013, the Commission approved a revision to Paragraph 27 of the stipulation and agreement that was approved in 2010. The revision modified the due dates for the two remaining final payments to June 30, 2013, and December 31, 2013."
2010,"In re Portland General Electric Co., 131 FERC ¶ 61,224 (June 4, 2010)","$375,000 Civil Penalty","Civil penalty and compliance reporting resulting from violations of Open Access Transmission Tariff, § 205 of FPA, and then- § 358.5(c)(5) of Commission Regulations."
2010,"In Re Noble Energy, Inc., 130 FERC ¶ 61,175 (March 12, 2010)","$4,000,000 Civil Penalty $160,487 Disgorgement","Civil penalty and compliance reporting resulting from violations of open access transportation policies, including circumvention of the posting and bidding requirements for released capacity, flipping, the shipper-must-have-title requirement, and violations of the prohibition on buy-sell transactions."
2010,"Florida Blackout, 130 FERC ¶ 61,163 (March 5, 2010)","$350,000 Civil Penalty","Civil penalty against Florida Reliability Coordinating Council, Inc. resulting from violations of Mandatory Reliability Standards for the Bulk-Power System, Order No. 693, FERC Stats. & Regs. ¶ 31,242 (2007)."
2010,"Brian Hunter, Docket No. IN07-26-004, Initial Decision, 130 FERC ¶ 63,004 (January 22, 2010) Prior Commission Activity: Order Granting Severence and Partial Stay, 128 FERC ¶ 61,081 (Jul. 23, 2009), Order Establishing Hearing Procedures, Docket No. IN07-26-000, 124 FERC ¶ 61,050 (Jul. 17, 2008), Order to Show Cause and Notice of Proposed Penalties, Docket No. IN07-26-000, 120 FERC ¶ 61,085 (Jul. 26, 2007)","Proposed $30,000,000 Civil Penalty","An ALJ issued an Initial Decision after a hearing on the merits, finding a violation of the Commission’s Anti-Manipulation Rule, 18 C.F.R. § 1c.1, for trading natural gas futures contracts on the NYMEX to affect the index price at which related financial instruments settled. The ALJ proposed that a civil penalty be assessed by the Commission. The Commission will review the Initial Decision and issue an order."
2009,"National Fuel Marketing Company, LLC, NFM Midstream, LLC, NFM Texas Pipeline, LLC, NFM Texas Gathering, LLC, Docket No. IN09-10-000, Order to Show Cause and Notice of Proposed Penalty, 126 FERC ¶ 61,042 (Jan. 15, 2009)","Proposed $4,500,000 Civil Penalty and disgorgement plus interest.",The Commission issued an Order to Show Cause why it should not assess a penalty for violation of Commission’s Open Access Transportation requirement that natural gas shippers must have title.
2009,"In re Wasatch Oil & Corp. and Wasatch Energy LLC, 127 FERC ¶ 61,322 (June 30, 2009)","$320,000 Civil Penalty","Civil penalty and compliance reporting resulting from violations of § 284.8(h) posting and bidding requirements, improper release and acquisition of discounted rate capacity through flipping transactions."
2009,"In re Tenaska Marketing Ventures, 126 FERC ¶ 61,040 (January 15, 2009)","$3,000,000 Civil Penalty $1,972,842 Disgorgement","Civil penalty, disgorgement and compliance monitoring resulting from violations of 18 C.F.R. § 1c.1, in connection with the submission of multiple affiliate bids to impair the pro rata allocation mechanism in an auction."
2009,"In re Southern Company Services, Inc., 128 FERC ¶ 61,013 (July 8, 2009)","$350,000 Civil Penalty",Civil penalty and compliance reporting resulting from violations of buy-sell transactions and shipper-must-have-title requirements.
2009,"In re Sequent Energy Management, L.P. and Sequent Energy Marketing, L.P., 127 FERC ¶ 61,320 (June 30, 2009)","$5,000,000 Civil Penalty $53,728.18 Disgorgement","Civil penalty and compliance reporting resulting from violations of § 284.8(h) posting and bidding requirements, improper release and acquisition of discounted rate capacity through flipping transactions, violations of shipper-must-have-title requirements and violations of buy-sell transaction rules."
2009,"In re Seminole Energy Services, LLC, Seminole Gas Company, LLC, Seminole High Plains, LLC, Docket No. IN09-9-000 Lakeshore Energy Services, LLC Vanguard Energy Services, LLC, Docket No. IN09-9-000, Order to Show Cause and Notice of Proposed Penalty, 126 FERC ¶ 61,041 (Jan. 15, 2009)","Proposed $4,250,000 Civil Penalty; $452,194 plus interest in Disgorgement.",The Commission issued an Order to Show Cause why it should not assess a penalty for violation of Commission’s Open Access Transportation requirement prohibiting buy/sell natural gas transactions.
2009,"In re Puget Sound Energy, 127 FERC ¶ 61,070 (April 22, 2009)","$800,000 Civil Penalty","Civil penalty and compliance reporting resulting from violations of 18 C.F.R. § 284.8(h) posting and bidding requirements, improper release and acquisition of discounted rate capacity through flipping transactions and self-reported violations of shipper-must-have-title requirements."
2009,"In re ProLiance Energy, LLC, 127 FERC ¶ 61,321 (June 30, 2009)","$3,000,000 Civil Penalty $195,959.44 Disgorgement","Civil penalty and compliance reporting resulting from violations of § 284.8(h) posting and bidding requirements, improper release and acquisition of discounted rate capacity through flipping transactions, violations of shipper-must-have-title requirements and violations of buy-sell transaction rules"
2009,"In re Piedmont Natural Gas Co. Inc., 127 FERC ¶ 61,319 (June 30, 2009)","$1,250,000 Civil Penalty","Civil penalty and compliance reporting resulting from violations of § 284.8(h) posting and bidding requirements, improper release and acquisition of discounted rate capacity through flipping transactions."
2009,"In re ONEOK, Inc., 126 FERC ¶ 61,040 (January 15, 2009)","$4,500,000 Civil Penalty $1,914,945 Disgorgement","Civil penalty, disgorgement and compliance monitoring resulting from violations of 18 C.F.R. § 1c.1, in connection with the submission of multiple affiliate bids to impair the pro rata allocation mechanism in an auction. Also violations of shipper-must-have-title requirements and open access transportation requirements."
2009,"In re Louisville Gas and Electric Co., 127 FERC ¶ 61,068 (April 22, 2009)","$350,000 Civil Penalty","Civil penalty and compliance reporting resulting from violations of 18 C.F.R. § 284.8(h) posting and bidding requirements, improper release and acquisition of discounted rate capacity through flipping transactions."
2009,"In re Klabzuba Oil & Gas, F.L.P., 126 FERC ¶ 61,040 (January 15, 2009)","$300,000 Civil Penalty","Civil penalty and compliance reporting resulting from violations of 18 C.F.R. § 1c.1, in connection with an attempt to engage in multiple affiliate bidding to impair the pro rata allocations in an auction."
2009,"In re Jefferson Energy Trading, LLC, Wizco, Inc., Golden Stone Resources, LLC, 126 FERC ¶ 61,040 (January 15, 2009)","$585,000 Civil Penalty","Civil penalty and compliance reporting resulting from violations of 18 C.F.R. § 1c.1, in connection with an attempt to engage in multiple affiliate bidding to impair the pro rata allocations in an auction."
2009,"In re Anadarko Petroleum Corp., 127 FERC ¶ 61,069 (April 22, 2009)","$1,100,000 Civil Penalty $232,423.40 Disgorgement","Civil penalty, disgorgement and compliance reporting resulting from violations of 18 C.F.R. § 284.8(h) posting and bidding requirements, improper release and acquisition of discounted rate capacity through flipping transactions."
2009,"In re Amaranth Advisors., et al., Docket No. IN07-26-000, Order Approving Uncontested Settlement, 128 FERC ¶ 61,154 (Aug. 12, 2009); Order Granting Severence and Partial Stay, 128 FERC ¶ 61,081 (Jul. 23, 2009) Prior Commission Activity: Order Establishing Hearing Procedures, Docket No. IN07-26-000, 124 FERC ¶ 61,050 (Jul. 17, 2008), Order to Show Cause and Notice of Proposed Penalties, Docket No. IN07-26-000, 120 FERC ¶ 61,085 (Jul. 26, 2007)","$7,500,000 Civil Penalty","Following issuance by the Commission of an Order to Show Cause and Notice of Proposed Penalties, an Order Establishing Hearing Procedures, and an Order Granting Severence and Partial Stay, the Commission issued an order approving a stipulation and agreement between all except one of the parties to the order to show cause and hearing matter set in Docket No. IN07-26-000, and the Commission Office of Enforcement Staff. The stipulation and agreement provides for payment of a civil penalty resulting from violations of 18 C.F.R. §1C.1 (Natural Gas Anti-Market Manipulation Rule). The one remaining party to the hearing, Brian Hunter, will proceed to hearing under Docket No. IN07-26-004."
2009,"Florida Blackout, 129 FERC ¶ 61,016 (October 8, 2009)","$25,000,000 Civil Penalty","Civil penalty resulting from violations of Mandatory Reliability Standards for the Bulk Power System Order No. 693, FERC Stats & Regs ¶ 31,342 (2007)."
2009,"Enserco Energy, Inc., 128 FERC ¶ 61,173 (August 24, 2009)","$1,400,000 Civil Penalty","Civil penalty resulting from violations of the Commission's open access transportation program, including, improper release and acquisition of discounted rate capacity through flipping transactions, and violations of the shipper-must-have-title requirement."
2009,"Energy Transfer Partners, L.P., 128 FERC ¶ 61,269 (September 21, 2009)","$5,000,000 Civil Penalty $25,000,000 Disgorgement",Civil penalty resulting from violations of market behavior rule 18 C.F.R. § 284.403(a) (2005).
2008,"Sempra Energy Trading LLC, 125 FERC ¶ 61,360 (December 23, 2008)","$400,000 Civil Penalty $7,959 Disgorgement","Civil penalty, disgorgement, and compliance monitoring reporting resulting from self-reported violations of the shipper-must-have-title requirement."
2008,"In re NorthWestern Corporation and NorthWestern Services, LLC., 125 FERC ¶ 61,233 (November 26, 2008)","$450,000 Civil Penalty",Civil penalty and compliance monitoring reporting resulting from self-reported violations of the shipper-must-have-title requirement and failure to obtain a certificate of public conveyance and necessity under section 7 of the NGA.
2008,"In re Integrys Energy Services, Inc., 125 FERC ¶ 61,089 (October 24, 2008)","$800,000 Civil Penalty $194,506 Disgorgement","Civil penalty, disgorgement, and a 1 year compliance monitoring plan resulting from a self-report for violations of shipper-must-have-title requirements and circumvention of the posting and bidding requirements for released capacity."
2008,"In re Entergy New Orleans, Inc., 122 FERC ¶ 61,219 (March 11, 2008)","$400,000 Civil Penalty",Civil penalty resulting from self-reported violations of the Commission’s shipper-must-have-title requirement.
2008,"In re Enbridge Marketing (U.S.) L.P., 125 FERC ¶ 61,088 (October 24, 2008)","$500,000 Civil Penalty",Civil penalty and compliance report resulting from self-reported violations of the shipper-must-have-title requirement.
2008,"In re Edison Mission, 123 FERC ¶ 61,170 (May 19, 2008)","$7,000,000 Civil Penalty $2,000,000 Compliance Plan","Civil penalty and at least $2,000,000 designated for a comprehensive compliance plan for violations of 18 C.F.R. § 35.41(b) (2007), which imposes a duty to provide accurate, factual, and complete information in communications with the Commission upon electric power sellers authorized to engage in sales for resale of electric energy at market based rates."
2008,"In re Duquesne Light Company, 123 FERC ¶ 61,221 (May 29, 2008)","$250,000 Civil Penalty $1,000,000 Compliance Plan","Civil penalty and at least $1,000,000 designated for a comprehensive compliance plan for violations of FERC cost allocation procedures, the electric quarterly report filing requirement, and the standards of conduct."
2008,"In re DCP Midstream, LLC, 125 FERC ¶ 61,359 (December 23, 2008)","$360,000 Civil Penalty",Civil penalty and compliance monitoring reporting resulting from self-reported violations of the shipper-must-have-title requirement.
2008,"In re Cornerstone Energy, Inc., 125 ¶ FERC 61,234 (November 26, 2008)","$325,000 Civil Penalty $121,825 Disgorgement",Civil penalty and disgorgement resulting from self-reported violations of the shipper-must-have-title requirement.
2008,"In re Constellation NewEnergy – Gas Division, LLC, 122 FERC ¶ 61,220 (March 11, 2008)","$5,000,000 Civil Penalty $1,899,416 Disgorgement","Civil penalty, disgorgement, and a compliance monitoring plan resulting from self-reported violations of the Commission’s capacity release policies, including circumvention of the posting and bidding requirements for released capacity, violations of the shipper-must-have-title requirement, and violations of the prohibition on buy-sell transactions."
2008,"In re Amaranth Advisors., et al., Docket No. IN07-26-000, Order Establishing Hearing Procedures, 124 FERC ¶ 61,050 (Jul. 17, 2008) Prior Commission Activity: Order to Show Cause and Notice of Proposed Penalties, Docket No. IN07-26-000, 120 FERC ¶ 61,085 (Jul. 26, 2007)","Proposed $7,500,000 Civil Penalty","Following issuance by the Commission of an Order to Show Cause and Notice of Proposed Penalties, an Order Establishing Hearing Procedures has now been issued, setting the matter for hearing on the merits and on a proposed civil penalty resulting from violations of 18 C.F.R. § 1C.1 (Natural Gas Anti-Market Manipulation Rule)."
2008,"Columbia Gas Transmission Corporation and Columbia Gulf Transmission Company, Docket Nos. IN09-3-000 and PA03-16-000, Order Approving Stipulation and Consent Agreement, 125 FERC ¶ 61,150 (November 6, 2008)","$1,000,000 Civil Penalty against Columbia Gas and Columbia Gulf jointly; $9,000,000 Disgorgement by Columbia Gas","Civil penalty, disgorgement, and compliance monitoring resulting from (1) Columbia Gas’s violation of section 1 of its Parking and Lending (PAL) rate schedule; (2) Columbia Gas’s and Columbia Gulf’s provision of an undue preference to their affiliated local distribution companies with respect to transportation services; and (3) Columbia Gas’s and Columbia Gulf’s failure to post discounts to an affiliate in violation of the Standards of Conduct discount reports. The companies stipulate to the terms of the settlement, but did not admit nor deny the violations."
2007,"In re SCANA Corporation, 118 FERC ¶ 61,028 (Jan. 18, 2007)","$9,000,000 Civil Penalty; $1,800,000 Refund (to retail ratepayers and transmission function); Compliance Enhancements; Compliance Monitoring.",The Commission approved a settlement resolving findings under the entity’s Open Access Transmission Tariff for improper use of network transmission; improper designation of curtailment priorities; improper designation of network resources; and improper calculation of available transfer capability.
2007,"In re PacifiCorp, 118 FERC ¶ 61,026 (Jan. 18, 2007)","$10,000,000 Civil Penalty; $86,500,500 Refund (from merchant function to transmission function); Compliance Enhancements; Independent Compliance Audit; Compliance Monitoring.","The Commission approved a settlement resolving findings under the Standards of Conduct for Transmission Service Providers and the entity’s Open Access Transmission Tariff, including sharing of nonpublic transmission information and other preferential treatment for the merchant function and improper use by the merchant function of network transmission."
2007,"In re Northwestern Corporation, 118 FERC ¶ 61,029 (Jan. 18, 2007)","$1,000,000 Civil Penalty; Compliance Monitoring.",The Commission approved a settlement resolving findings under Commission Order No. 638 and the entity’s Open Access Transmission Tariff for failure to timely respond to transmission service requests.
2007,"In re NRG Energy, Inc., 118 FERC ¶ 61,025 (Jan. 18, 2007)","$500,000 Civil Penalty; Internal Audit; Compliance Monitoring.",The Commission approved a settlement resolving findings under the New England ISO’s tariff and Commission’s Market Behavior Rules for misrepresentation of availability of generation unit.
2007,"In re MGTC, Inc., 121 FERC ¶ 61,087 (Oct. 25, 2007)","$300,000 Civil Penalty; Compliance Monitoring.",The Commission approved a settlement resolving findings under the Commission’s Open Access Transportation requirement that natural gas shippers must have title.
2007,"In re Gexa Energy, L.L.C., 120 FERC ¶ 61,175 (Aug. 21, 2007)","$500,000 Civil Penalty; $12,481.41 Disgorgement.",The Commission approved a settlement resolving findings under FPA section 203 and Part 35 of the Commission’s regulations for failure to timely obtain Market Based Rate authority; failure to follow the conditions of its MBR order; failure to file quarterly reports (EQRs) of its sales; and failure to seek Commission approval when it merged with another company.
2007,"In re Entergy Services, Inc., 118 FERC ¶ 61,027 (Jan. 18, 2007)","$2,000,000 Civil Penalty; $1,000,000 Charitable Donation; Compliance Enhancements; Independent Compliance Audit; Compliance Monitoring.","The Commission approved a settlement resolving findings, under FPA section 301, Parts 37 and 125 of the Commission’s regulations, and under the entity’s Open Access Transmission Tariff and the Standards of Conduct for Transmission Providers, for data loss; mismanagement of transmission service requests; and violations of various informational posting requirements."
2007,"In re Columbia Gulf Transmission Company, 119 FERC ¶ 61,174 (May 21, 2007)","$2,000,000 Civil Penalty; Withdrawal of Petition for Review of FERC order.",The Commission approved a settlement resolving finding that entity failed to comply with Commission order requiring it to permit third party to construct interconnection facilities.
2007,"In re Cleco Power, LLC, 119 FERC ¶ 61,271 (June 12, 2007)","$2,000,000 Civil Penalty; Compliance Enhancements; Compliance Monitoring.",The Commission approved a settlement resolving findings that operating personnel shared non-public information with a marketing affiliate in violation of the codes of conduct underlying its Market Based Rate authority and a prior settlement with Enforcement.
2007,"In re Calpine Energy Services, L.P., 119 FERC ¶ 61,125 (May 9, 2007)","$4,500,000 Civil Penalty; Compliance Enhancements; Compliance Monitoring.",The Commission approved a settlement resolving findings under the Commission’s Open Access Transportation requirement that natural gas shippers must have title.
2007,"In re Bangor Gas Company, LLC, 118 FERC ¶ 61,186 (Mar. 7, 2007)","$1,000,000 Civil Penalty; Compliance Monitoring.",The Commission approved a settlement resolving findings under the Commission’s Open Access Transportation requirement that natural gas shippers must have title.
2007,"In re BP Energy Company, 121 FERC ¶ 61,088 (Oct. 25, 2007)","$7,000,000 Civil Penalty; Compliance Monitoring.",The Commission approved a settlement resolving findings under the Commission’s Open Access Transportation requirements that prohibit buy/sell natural gas transactions; prohibit flipping of short term capacity releases between affiliated shippers; and require natural gas shippers have title to the gas.
2007,"In re Amaranth Advisors., et al., Docket No. IN07-26-000, Order to Show Cause and Notice of Proposed Penalties, 120 FERC ¶ 61,085 (Jul. 26, 2007)","Proposed $7,500,000 Civil Penalty","The Commission issued an Order to Show Cause and Notice of Proposed Penalties, asking the Amaranth Respondents to show the Commission why they should not be found to have committed violations of 18 C.F.R. § 1C.1 (Natural Gas Anti-Market Manipulation Rule) and should not be assessed a proposed civil penalty."
